{"model_train": {"iteration": 24, "epoch": 28, "train_dataset_size": 4000, "val_dataset_size": 1000, "model_loss": -69.38466787338257, "model_val_score": 1.6738810018068762e-06, "model_best_val_score": 1.5248623697061703e-08}, "_runtime": 2002, "_timestamp": 1637811465, "_step": 1546, "results": {"epoch": 24, "env_step": 4999, "episode_reward": 10.0, "rollout_length": 1}, "_wandb": {"runtime": 2004}}