{"forward_model": {"iteration": 24, "epoch": 30, "train_dataset_size": 4000, "val_dataset_size": 1000, "model_loss": -69.4308443069458, "model_val_score": 3.1008173095870006e-07, "model_best_val_score": 1.6388481682838574e-08}, "_runtime": 1991, "_timestamp": 1637817679, "_step": 1546, "backwards_model": {"iteration": 24, "epoch": 28, "train_dataset_size": 4000, "val_dataset_size": 1000, "model_loss": -69.38466787338257, "model_val_score": 1.6738810018068762e-06, "model_best_val_score": 1.5248623697061703e-08}, "results": {"epoch": 24, "env_step": 4999, "episode_reward": 10.0, "rollout_length": 1}, "_wandb": {"runtime": 1993}}